filename,class
image_train001.png,0
image_train002.png,1
image_train003.png,1
image_train004.png,0
image_train005.png,1
image_train006.png,1
image_train007.png,0
image_train008.png,1
image_train009.png,0
image_train010.png,1
image_train011.png,0
image_train012.png,1
image_train013.png,1
image_train014.png,1
image_train015.png,0
image_train016.png,0
image_train017.png,0
image_train018.png,1
image_train019.png,0
image_train020.png,0
image_train021.png,1
image_train022.png,1
image_train023.png,0
image_train024.png,1
image_train025.png,0
image_train026.png,1
image_train027.png,1
image_train028.png,1
image_train029.png,1
image_train030.png,0
image_train031.png,0
image_train032.png,0
image_train033.png,1
image_train034.png,1
image_train035.png,0
image_train036.png,1
image_train037.png,1
image_train038.png,0
image_train039.png,0
image_train040.png,1
image_train041.png,1
image_train042.png,0
image_train043.png,0
image_train044.png,1
image_train045.png,1
image_train046.png,0
image_train047.png,0
image_train048.png,0
image_train049.png,1
image_train050.png,1
image_train051.png,0
image_train052.png,1
image_train053.png,1
image_train054.png,0
image_train055.png,1
image_train056.png,0
image_train057.png,0
image_train058.png,1
image_train059.png,0
image_train060.png,0
image_train061.png,1
image_train062.png,0
image_train063.png,1
image_train064.png,0
image_train065.png,1
image_train066.png,0
image_train067.png,0
image_train068.png,1
image_train069.png,0
image_train070.png,0
image_train071.png,1
image_train072.png,0
image_train073.png,1
image_train074.png,1
image_train075.png,1
image_train076.png,0
image_train077.png,1
image_train078.png,0
image_train079.png,0
image_train080.png,1
image_train081.png,1
image_train082.png,0
image_train083.png,1
image_train084.png,1
image_train085.png,1
image_train086.png,0
image_train087.png,0
image_train088.png,0
image_train089.png,1
image_train090.png,1
image_train091.png,0
image_train092.png,0
image_train093.png,1
image_train094.png,0
image_train095.png,1
image_train096.png,1
image_train097.png,1
image_train098.png,1
image_train099.png,0
image_train100.png,1
image_train101.png,1
image_train102.png,1
image_train103.png,0
image_train104.png,0
image_train105.png,0
image_train106.png,1
image_train107.png,0
image_train108.png,0
image_train109.png,1
image_train110.png,0
image_train111.png,0
image_train112.png,0
image_train113.png,0
image_train114.png,0
image_train115.png,0
image_train116.png,1
image_train117.png,0
image_train118.png,1
image_train119.png,1
image_train120.png,0
image_train121.png,0
image_train122.png,0
image_train123.png,1
image_train124.png,0
image_train125.png,1
image_train126.png,0
image_train127.png,0
image_train128.png,1
image_train129.png,1
image_train130.png,1
image_train131.png,0
image_train132.png,0
image_train133.png,0
image_train134.png,1
image_train135.png,1
image_train136.png,1
image_train137.png,1
image_train138.png,0
image_train139.png,1
image_train140.png,0
image_train141.png,1
image_train142.png,1
image_train143.png,0
image_train144.png,0
image_train145.png,0
image_train146.png,0
image_train147.png,1
image_train148.png,1
image_train149.png,0
image_train150.png,1
image_train151.png,1
image_train152.png,1
image_train153.png,0
image_train154.png,0
image_train155.png,1
image_train156.png,0
image_train157.png,1
image_train158.png,1
image_train159.png,0
image_train160.png,0
image_train161.png,1
image_train162.png,1
image_train163.png,0
image_train164.png,1
image_train165.png,1
image_train166.png,1
image_train167.png,0
image_train168.png,1
image_train169.png,1
image_train170.png,1
image_train171.png,0
image_train172.png,0
image_train173.png,0
image_train174.png,0
image_train175.png,1
image_train176.png,1
image_train177.png,1
image_train178.png,0
image_train179.png,0
image_train180.png,0
image_train181.png,1
image_train182.png,0
image_train183.png,1
image_train184.png,1
image_train185.png,1
image_train186.png,0
image_train187.png,0
image_train188.png,1
image_train189.png,0
image_train190.png,0
image_train191.png,0
image_train192.png,0
image_train193.png,0
image_train194.png,0
image_train195.png,1
image_train196.png,0
image_train197.png,1
image_train198.png,1
image_train199.png,0
image_train200.png,1
